ref,text
001,"Як на ноги сп'явся, то й за працю взявся."
001,Бідному в житті тільки робота та скорбота.
001,Шилом моря не нагрієш від тяжкої роботи не розбагатієш.
001,Від трудів праведних не наживеш палат каменних.
001,Частіш: хто робить голий ходить.
001,"Не кожен, хто дбає, той і має."
001,Все робиться трудовими пучками та ручками.
002,"Біда красить, як кип'яток рака."
002,"Коли біда діє, голова біліє."
002,"Козак з бідою, як риба з водою."
002,"Біда бідака знайде, хоч і сонце зайде."
002,А у нашій школі дітки й стіни голі.
002,"Як село, то й голе: в одній хаті мак, а в другій так."
002,Нема слободи без біди.
002,Гроші-то й роблять біду на світі.
002,"Не ходить біда по лісу, тільки по бідних людях."
002,"Тільки й рідні, що лапті одні!"
002,"Бідність - не порок, а гірше нещастя."
002,"Багатому свято, а вбогому діла багато."
002,"Робота мене згорбила, не розкіш."
003,"Не йде на ум ні їда, ні вода, коли перед очима біда."
003,"Хоч плач і не втирайся, а в тугу не вдавайся."
003,"Біда не дуда: стань в неї дути, то сльози йдуть."
003,"Той біди не бачив, хто сльозами не вмивався."
003,Біда біду бачить по сліду.
003,Біда ще й за горе зачепилася.
003,Біда бідою їде й бідою поганяє.
003,"Як одна біда йде, то й другу за собою веде."
003,За злиднями добра не доробишся.
003,"Уклюнулись злидні на час, а не виженеш і за рік."
003,"Просились злидні на три дні, та чорт їх довіку викидає."
003,"Біда як іде до кого в гості, то з собою і злидні бере."
004,Горе море: всього не вип'єш.
004,"Горе - що море: ні перепливти, ні випливти."
004,"На віку горя море, а радощів і в ложку не збереш."
004,"Всюди біда, лише там добре, де нас нема."
004,"Трудно вийти з біди, як каменю з води."
004,"Кого біда учепиться, то на спину стеребиться."
004,"Од біди тікав, та на другу натрапив."
004,"Біда біду перебуде - одна згине, друга буде."
004,"Впився бідою, похмелився сльозою."
004,"Не за нами одними біда прийшла, та тільки нам від того не легше."
004,Біда вимучить біда й виучить.
004,"Біда здибає легко, а трудно її збутися."
004,"Не біда, що зайшла в двір, а біда, що не виженеш."
005,Горе тільки рака красить.
005,Лихо нікого не красить.
005,Година горя довша за рік радощів.
005,По горе не треба йти за море - його й дома хватає.
005,"Канада добрий край, як не маєш грошей, то здихай."
005,"Що таке Америка, спитай у Каленика: їздив по гроші, а привіз гниди й воші."
005,І в Відні люди бідні.
005,І за морем люди б'ються з торем.
005,І на горах родить горе.
005,Не шукай горя - воно само знайде.
005,"Води хоч топитись, та нема де напитись."
005,"Мало слів, а горя річка."
005,"Бреду горем, мов тим морем."
006,"Де лихо пристане, там і трава в'яне."
006,"Наберуся три копи лиха, ще й зверху."
006,"Живемо без змін: багатіти немає змоги, а голіть дальше нікуди."
006,"Живемо добре, горя в людей не позичаєм."
006,"Примостивсь, як сорока на колу."
006,"Живе, як сорока на тину."
006,"Живе, лиха прикупивши."
006,"Змарнів, як полова."
006,"Крутиться, як білка в колесі."
006,"Гірке його життя, як полин."
006,"Лихо не по дереву ходить, а по людях."
006,"Іржа їсть залізо, а горе серце."
006,"Горе не задавить, а з ніг звалить."
007,Доки сонце зійде - роса очі виїсть.
007,"В добрім житті кучері в'ються, а в поганім січуться."
007,Журба сорочки не дасть.
007,"Журба - не сонце, а сушить добре."
007,"Радість красить, а печаль палить."
007,"Добро пушить, а лихо сушить."
007,"Лихо приходить пудами, а сходить золотниками."
007,"Ти хочеш на гору, а лихо за ногу."
007,"Лихо як наскочить, то й почне торочить."
007,"Не так скоро лихо вилізе, як влізе."
007,"Відходить лихо пішки, а приїздить верхи."
007,"Лихо до нас біжить бігом, а від нас навкарачки лізе."
007,Лихо приходить тихо.
008,"Хто везе, того ще й пілганяють."
008,На убогого всюди капає.
008,Бідному все вітер у очі віє.
008,"У бідного біда скаче, а дитина їсти плаче."
008,"Інший молодий годами, та старий бідами."
008,Нужда та праця в могилу кладе.
008,Від горя хворість - від хворості смерть.
008,"Як черв'як у дереві, так біда в серці."
008,"Журба гірша, як хвороба."
008,Журба плугом по серцю оре.
008,"Посидь-но, смутку, в кутку."
008,"Нудьгу годую, журбу сповиваю, а сум колишу."
008,"Рада б зірка зійти, чорна хмара заступає."
008,Доки сонце зійде - довго намерзнешся.
009,Поля - що й курці лапою нема де ступити.
009,"Тажко сіяти, як нічого орати."
009,"Тільки й землі маю, що поза нігтями."
009,"Степ без кінця, а коня попасти ніде."
009,"Не все то маємо, про що гадаємо."
009,"Світу багато, а поночі жить."
009,"Скалком світим, лойняк палим та й так своє життя в'ялим."
009,"Звання козаче, а життя собаче!"
009,"Гадка гадку прошибає: журиться, що нічого не має."
009,Без волі плачу доволі.
009,"Бідному Савці нема спокою ні на печі, ні на лавці: на печі печуть, на лавці січуть."
009,На бідного Макара всі шишки летять.
010,"Бідаку не первина, що ні з чим до млина."
010,В чужій кошарі овець не розведеш.
010,У чужій пасіці бджіл не розведеш.
010,На чужому полі не матимеш волі.
010,На чужій землі не доробиш хліба.
010,Побила лиха година - ота чужа нива та позичений серп!
010,"На чужому коні не наїздишся, а чужим добром не нахвастаєшся."
010,"Проханим конем не наробишся ні вночі, ні вдень."
010,"На нашій ниві колосся, як у шолудивого волосся."
010,"Хто б його рад чуже орать, та от горе - свого плуг не оре!"
010,"Дожились до того, що хоч серед хати орати."
010,Там того поля на заячий скік!
010,Й курці носом ніде клюнуть.
011,"Як засинаю, тоді тільки й лихо забуваю."
011,У голоти безліч турботи.
011,"Б'ється, як риба об лід."
011,"Не живе, тільки дні одживає."
011,"Дожились до того, що нема нічого."
011,"Нізавішо і рук зачепити, щоб було як жити."
011,"Маюся, як голий у терну!"
011,"Такий бідний, як мак начетверо!"
011,"Нема у мене ні кола, ні двора увесь туг."
011,"Привикай, коровко, до житньої соломки!"
011,"Багато я маю - аж три клуні хліба: в одній вітер, в другій мак, а третя стоїть так."
011,"Моє не молочене, а твоє і на тік не волохчене."
011,У голоти нема що молоти.
012,"Як не вертись, дітись нікуди: на небо високо, а в воду глибоко."
012,Хоч вовком вий!
012,Ложився до самого краю!
012,"Вони такі убогі, що землю держалом міряють, а худобу ложкою."
012,"Думала, чого корова не реве, а її дома нема."
012,"Розживемось, як сорока на лозі, а тінь на воді!"
012,Рогатої скотини: вила та граблі. Хорошої одежі: мішок та рядно.
012,"Куди не кинь, то все клин!"
012,До дуги й вудила недостає тільки воза та кобили.
012,"Ні сідла, ні вузди, ні того, що на нього вузду надівать."
012,"Ні кола, ні двора, ні рогатого вола."
012,"Ані печі, ані лави, і на столі нема страви."
013,"Ні шорстинки у дворі: голий, як бубон!"
013,"Як настане лютий, то спитається, чи вдягнені, узуті."
013,"Їде зима, а кожуха нема."
013,"Вербові дрова, а козиний кожух, то випре й дух."
013,"Лиха тому зима, в кого кожуха нема, чоботи ледащо і їсти нема що!"
013,"Держись, Хома, іде зима!"
013,"Одна на мені, а друга в пранні."
013,"В убогого тоді неділя, коли сорочка біла."
013,Аж скриня тріщить з наготи.
013,"Дожились, що ні свитки, ні чобіт."
013,Хоч живий у яму лізь!
013,Хоч з мосту та в воду!
013,"Хоч сядь та плач, хоч стоячи кричи!"
014,"Куди не оберни, то все дірки зверху."
014,"Бідному куди не кинь, то все догори діркою."
014,"Багатий! Куди не кинь, то все латкою наверх."
014,"Поли крає, а плечі латає."
014,От розбагатіла: поли деру та спину латаю!
014,"Голий підперезався, і все на ньому хоч в дорогу!"
014,"З голого, як з святого, не візьмеш нічого."
014,"Голий, як пень."
014,"Голий, як палець."
014,Голому й на сіні мулько.
014,"Голий, як мати народила."
014,"Голе, аж ребра світяться."
014,"Голий, як турецький святий."
014,Голого легко голити.
015,"У чоботях іде, а сліди босі."
015,"Тільки й має, що на собі."
015,Багатий на лати та на дрібні сльози.
015,"На свиті стільки лат, як на селі хат."
015,"Одна нога взута, другая роззута, а якби третя була, не знаю, як би й пішла!"
015,Бідному сапоги усе добрі до ноги.
015,"Штани як решето, а чоботи роти пороззявляли."
015,"Дожився: штани одні, а сорочок ще менші!"
015,"Прожив, як у ступі стовк: ні смаку, ні знаку."
015,"Родився без сорочки, так і вмру без штанів."
015,"Хоч грошей нема, та в одежу вбився: розкрий поли, то й ноги голі."
015,Тягни рядно на двох одно.
015,"Вітром підбито, а морозом підшито."
016,"Багач не відає, щоб бідний обідає."
016,"Живемо, хліб жуємо, а іноді ще й присолюємо."
016,"Без солі, без хліба худая бесіда."
016,"Лісу - хоч бийся, води - хоч мийся, а хліба хоч плач."
016,"Аби хліб, а зуби будуть."
016,Без хліба - не до обіда.
016,"Хліб батько, вода мати."
016,Борщ та капуста хата не пуста.
016,"Борщ, каша та ще кваша вся їжа наша."
016,Хліб та каша - то їда наша.
016,Хліб та вода бідного їда.
016,"Наїлась біди, напилась води."
016,Була в мене шапка пояркова: сім год по яру валялась вона мені на мою голову дісталась.
017,"Один з сошкою, а семеро з ложкою."
017,"Галушка, лемішка хлібові перемішка."
017,Навчить лихо з' маком коржі їсти!
017,"Живемо часом з квасом, порою з водою."
017,Не до жиру - буть би живу!
017,"Не красна хата углами, а красна пирогами."
017,"Як хліба ні куска, то і в хаті тоска."
017,"Коли є хліба край, то й під вербою рай."
017,"Риба вода, ягода трава, а хліб всьому голова."
017,Риба не хліб: ситий не будеш.
017,Від дешевої рибки не побіжиш стрибки.
017,У вбогого щодня піст.
017,"Не замісиш густо, як у коморі пусто."
018,"Казала кума: «Дам пшона»,- а у неї в самої нема."
018,Прийшов нестаток забрав остаток.
018,Нема й ока запорошить!
018,"Ні в горшку, ні в мішку!"
018,"Молотив цілий день, а віяти нічого."
018,"Поки жнемо доти й їмо, а як скосили ці то все й поїли."
018,Від кулешу і ніг не поколишу.
018,Юшка кишки переїла.
018,"Стало на юшку, а не стало на петрушку."
018,З попелу галушки не вдаються до юшки.
018,Вари воду вода й буде!
018,"Ні хліба куска, ні солі дробка, ні страви ложки, ні води корця!"
018,"Ще то не біда, як у просі лобода, а тоді біда, як і проса нема!"
019,Голодному й вівсяник добрий.
019,Голодній кумі хліб на умі.
019,Не спиться хліб сниться.
019,Голодне око не засне глибоко.
019,"Так виголодався, що й не забалакає!"
019,Ї ріски в роті не було!
019,"Голод не тітка, а лютої мачухи лютіший."
019,Їсти хоч свої пальці гризти.
019,"Стільки має, як голодний за зубами!"
019,"Такий убогий, що й кошеняти з запічку нічим виманити!"
019,"Попросили б і сісти, так нічого їсти."
019,"Ніщо їсти, ніде сісти!"
019,"Борщ такий, що за туманом і дітей не Видно."
020,"Бідний тоді їсть курку, як сам хворий або курка слаба."
020,"Бідак живе обачно: раз на тиждень обідає, та й то не смачно."
020,"Обмокяк вовк, обкисяк з лис, толоден - як собака!"
020,"Прийшлась ложка до рота, та їсти чортма чого!"
020,Добре пісні співати пообідавши.
020,На порожній шлунок і душа смутиться.
020,"Спасибі за полудень, що наївся та й голоден!"
020,"Прийшов гість, та на голу кість."
020,Вижене голод на холод.
020,Голод києм не відженеш.
020,Голодному й опеньки м'ясо.
020,Голодній курці все просо на думці.
020,Голодний з'їсть і холодне.
021,"Сип, жінко, перцю нехай нам хоч раз на віку гірко буде на серцю!"
021,"Вони мотузком хліб ріжуть, бо ножа нема."
021,"Був би горщик та будо б в горщику, ""а по кришка найдеться!"
021,"У піст їли хрін, а у м'ясниці кислиці."
021,"Вареникихваленики, всі вас хвалять, та не всі варять!"
021,"Гречана каша то матір наша, а хлібець житній батько наш рідний."
021,"Ї дурень кашу зварить, як пшоно Є!"
021,"Густенька каша, та не наша, а наш несолений куліш як хочеш, так його і їж!"
021,Добра каша! Крупина за крупиною ганяєгься з дрючиною.
021,"Що ж робить? Хіба круту варить, бо рідкої ні з чого."
021,"Лихо наше ячна каша: з'їв би і такої, та нема ніякої!"
022,"Моя мати між двома хлібами вмерла». «Чого ж так?» «Одного не дочекала, а другий вже минувся»."
022,Що варили на вечерю?» - «Шару юшку. Пошарите та й спать поляжете».
022,"Що вечеряв?» - -«Скрутні: покрутився, покрутився та й спати ліг»:"
022,За одним присідом вечеря з обідом.
022,"Казав дід бабі: «Якби сир та масло, то вареників наварили б, тільки що ж борошна нема»."
022,"Вже й дрова, і вода, - коли б сир і мука, то вареників би наварила."
022,"Тату, ідіть обідати!» «А хліб є?» «Нема!» «Ну, я не голодний»."
022,Що татуньо роблять?» «А що ж? Пообідали та й хліб їдять».
022,Що ваші роблять?» «Пообідали та хліб їдять».
022,"Коли ласувать, так ласувать: бий, жінко, ціле яйце в борщ!"
023,"Краще без вечері лягати, та без боргів вставати."
023,Загряз в борги по самі вуха.
023,"Де тонко - там і рветься, де благе - там і дереться."
023,"Пив би пиво, та в кишені диво."
023,У кишені вітер гуляє.
023,"У його грошей, як у жаби пір'я."
023,"У кого грошей нема, тому й світ, як тюрма."
023,Бідна душа без гроша.
023,"До неба високо, до царя далеко, а до шинку близько."
023,"Гірка горілка, та й життя не солодке."
023,"Є» слово, як мед, солодке; «немає» слово, як полин, гірке."
023,"Нема що їсти, нема пити, немає й роду, щоб поговорити."
024,Бодай ніхто не діждав в чужім кутку сидіти.
024,"Хата чужая, як свекруха лихая."
024,В чужій хаті і тріска б'ється.
024,Чужа хата гірше ката.
024,"Мій батько нікому невинний: у одного позичає, а другому повертає."
024,"Позика не штука, та віддача мука."
024,В борг береш собі на шию ярмо кладеш.
024,Позичка на боржнику верхом їздить.
024,"Голод мутить, а борг крутить."
024,Був голосок та позички з'їли.
024,"Станеш позичати, будеш бідувати."
024,Без позички жити не тужити.
024,"Як батька чужими пирогами поминать, то краще без поминок."
025,У бідного й приятелі мруть.
025,"Хто нічого не має, того ніхто не знає."
025,"У комашки мають подушки, а бідняк — у голови кулак."
025,"Моя хата небом крита, землею підбита, вітром загороджена."
025,"Живеш, як у решеті: звідки вітер не дме, то повна хата холоду."
025,"Змерз як пес, змок як вовк, скис як лис."
025,"Холодно в хаті, що й собаку не вдержиш."
025,"Так холодно, що якби не вмів дрижати, то змерз би."
025,"Така хата тепла, що спотієш дрижачи."
025,"Не в тім річ, що в хаті піч, а біда, як нема!"
025,"Кіндраті! Де твоя хата? Літом на галах, а зимою під скиртою."
026,Гірше всього при старості — бідність.
026,Цілий вік з торбою не лаявся.
026,"Гіркий світ: тато осліп, а діти помацки ходять."
026,"Легше десятьом подарувати, чим в одного попросити."
026,"Запросив, як за рідного батька."
026,"Хоч латане, аби не в людей хватане."
026,"З кого ремінь деруть, а з кого лій топлять!"
026,Шерсть стрижуть і шкуру деруть.
026,"Маємось, як горох при дорозі: хто не хоче, той не скубне."
026,Бідному ніхто не подарує.
026,Кожні ворота для бідного заперті.
026,"Коли бідний, то забуде й брат рідний."
026,"Багатого за стіл саджають, а убогого так випроводжають."
027,"Розживемось, в пастухи наймемось — все село нам буде винне."
027,"Аби шия, а ярмо найдеться."
027,На свої руки найду всюди муки.
027,З розкоші не йдуть у міхоноші.
027,Недостатки гонять з хатки.
027,"Хіба ревуть воли, як ясла повні?"
027,"Де щастя упало, там і приятелів мало."
027,"Так воно прилучилося, що щастя за біду зачепилося."
027,"Батько був середній хазяїн: торби по боках, а сам посередині."
027,"А, здорові, діди! Чи не маєте біди? То в мене купіть або й так візьміть."
027,Моє господарство в міх та й на плечі!
027,"Радий старець і тому, що пошив нову торбу."
028,Вали на сірого — сірий повезе!
028,"Наймають до телят, а роби, що велять!"
028,"Така честь, як собаці в ярмарок: або всюди ганяють, або хазяїн до воза прив'яже."
028,"Від вогню біжу, а в воду скачу!"
028,"Тікав від диму, та впав у вогонь."
028,"Не думав, не гадав, як в біду попав."
028,"Життя вільне, як собаці на прив'язі!"
028,"Слуга на відслузі, як пес на мотузі."
028,Наймит не по своїй волі ходить.
028,"Найнявся — як продався: скажуть дверима скрипати, то скрипай."
028,Як найнявся — так продався!
028,"Голод не тітка, найми не свій брат."
028,Не вжалуєш батька в наймах!
029,Од ціпа в спині сіпа.
029,За свій труд попав у хомут.
029,"Не довернешся б'ють, перевернешся б'ють."
029,"Гнись, не гнись, а в голобці становись!"
029,"Хто в службі не бував, той і нужди не видав."
029,"Не стільки набувся, скільки нагнувся."
029,"Працює, як чорний віл."
029,Працюємо до сьомого поту.
029,Роботи до самої суботи.
029,Панської роботи не переробиш.
029,За чужою роботою й світу не бачить.
029,"Вертиться, як у окропі муха!"
029,"Ганяють, як солоного зайця!"
030,"І голодно, і холодно, і додому далеко."
030,"Хто служить, той тужить."
030,Розірвись надвоє — скажуть: чому не начетверо?
030,"Моя зірко, служить панам гірко!"
030,Служив у дуки — натерпівся муки.
030,"Що за сон, як у головах шапка!"
030,"Ходячи наїсться, а стоячи виспиться."
030,Не з однієї печі хліб їв.
030,"Нема гірше, як бурлаці: куди не попхнуть, туди й поточиться."
030,З хазяйської правди наймитові очі лізуть.
030,"Як тут говорити, коли не дають і рота розтулити!"
030,Б'ють і плакать не дають.
030,"Бідному у багатого жить — або плакать, або тужить."
031,"Хоч їж, хоч дивись, аби ціле було й неголодний буф."
031,З'їж півбіди та напийся води!
031,"Дали кісточку: хоч зараз гризи, хоч на завтра положи!"
031,"Працюй, як коняка, а їж, як рябко!"
031,"Ні хліба, ні солі, і сам бурлак у неволі."
031,"Бить та лаять є кому, а годувать — так нікому!"
031,"Як приймали, то й сала давали, а як прийняли, то й хліба не дали."
031,"Добрий давалець: роботи дає зверхом, а харч видавцем."
031,"Плата, як у ката!"
031,Чужа шия не своя: зломиться — друга буде.
031,"Не літа зсушили тіло, а від праці помарніло."
031,Хоч у воду подивлюся на свою вроду!
031,"Однією рукою воли поганяє, а другою сльози утирає."
032,"Обмокляк вовк, обкисляк лис, а змерз як пес, та нічого не заробив!"
032,Заробила Гапка бісового батька.
032,У дуки служила — болячку заробила.
032,"Робиш, робиш — ні за тобою, ні перед тобою!"
032,Ходили три дні та й виходили злидні.
032,"Робити то є що, а заробити то ніде."
032,"Двом панам служить, а сорочки не має."
032,"Отож доробився: ані чобіт, ні халяв!"
032,"Рвали б вас ворони, як ви мою працю рвете!"
032,"Обіцяв хазяїн дати, тільки велів заждати."
032,"Роби, роби, та й нічого не доробишся."
032,"На цій роботі не забагатієш, а згорбатієш."
032,За такої страви ляжеш вздовж лави!
032,"Добре нас годують: черпак юшки, дві галушки та й ті розплилися!"
033,Наймитові з хазяїном не брататися.
033,Заробив у пана плату: з чотирьох дощок хату.
033,"Робила цілий вік панам, та, мабуть, ляжу, як кістка, гола."
033,"Доробився хліба, аж зійшов на діда."
033,Заробітки бодай не ліждали наші дітки!
033,"Та допіру робота: ціле життя роби, а на старість милостиньку проси!"
033,"Забудь ласощі паслін і цибулю, а за свою гірку працю візьми під ніс дулю!"
033,"За що найнявся? Сорок грошей; справний харч і босий дохід, дають рано води, а ввечері пити."
033,"Заробив три вирви в шию, а четверту навздогінці!"
033,Заробив води до хліба!
033,Заробив на сіль до оселедця!
034,"Колісник по шию в трісках, по коліна в боргах."
034,"Від сокири не збагатієш, а згорбатієш!"
034,"Якби шевцеві не правило, то б його скривило."
034,"Не буде з швачки багачки, а з ткача багача!"
034,На всі руки майстер!
034,Хороший плотник і до коліна кіл заструже.
034,У ремісника золота рука.
034,"Що б то був за швець, коли б усім на один копил чоботи шив!"
034,"Ремесло не коромисло плеч не відтягне, саме прогодує."
034,"Ремесло на плечах не носить, а трапиться, що й пригодиться."
034,"Ремесло на плечах не висить і хліба не просить, а хліб дає."
035,"Гіркий, як шахтарська доля!"
035,"Санки, кайло і лопата - ось вся техніка проклята."
035,Санки з вугіллям потягаєш шахту-катор гу узнаєш.
035,Вугілля добувати живим не бувати.
035,В шахту спускаєшся з світом прощаєшся.
035,"Хто на шахті не бував, той і горя не знав."
035,Вугільний пласт щастя не дасть.
035,"Робітники потіють, а пани з того жиріють."
035,"Золото миєм, а самі голодні виєм."
035,"Пани все бачать не бачать, як робітники горюють та плачуть."
035,"На те він і кравець, щоб подертий жупан носити!"
035,"Не той пиво п'є, хто варить!"
036,"Цар - як кабан, а царица як печериця."
036,"Цар правду у листах пише, а на ділі чортом дише."
036,"Цар і трут на дурняк живуть: інші працюють, а вони мед їдять."
036,"Царі - псарі: жалю не знають, людей за псів вважають."
036,"Цар далеко бачить, а мало думає."
036,"Бідняки потіють, а пани з того жиріють."
036,"Бідний піт ллє, а багатий його кров п'є."
037,Панщина як гадюка: життя наше отруїла.
037,"Багатого й серп голить, а убогого й бритва не хоче."
037,"Бідний до бідних рідний, а багатий нікому не радий."
037,"Багач норовить, як би бідного з ніг збить."
037,"Багач все нарікає, що мало має."
037,"Багач чуже загрібає, бо своєму ліку не знає."
037,"Багач - як собака: на свому лежить, а хвіст перекинув на чуже."
037,"Всяк знає, як багач дбає: не своїм горбом, а чужим трудом."
037,"Якби той грайцар потиснув, то з нього кров потекла б."
037,"Цар у державі, як кіт у коморі: кого піймав, того й з'їв."
037,За царя нема й сухаря.
038,"Якби не хлоп та не віл, то би пан не жив."
038,Ото налигають та й робити мужика заставляють.
038,Селянськими мозолями пани живуть.
038,"Бідняк робить, а багачеві родить."
038,Сама земля панові не родить мужик робить.
038,Білі ручки чужу роботу люблять.
038,"От тобі, бабо, й Юр'їв день."
038,"Хустки поперем, як три дні панщини відбудем."
038,"На панщині конопельки тіпаєм, а прийдем додому голі плечі латаєм."
038,"Іде мужик на панщину сонечко не сходить, повертається додому, як місяць заходить."
039,"Багач їсть калач, а бідний і хліба не має."
039,"Хліб у пана мужик косить, жінка його снопи носить, а прийдуть вони додому дітки їсти просять."
039,"Гарно було бути панським: ходячи їсти, сидячи спати, бодай не казати!"
039,"Панам косять, а собі хліба просять."
039,При панській власті нема чого у рот покласти.
039,"Багатство дме, а бідність удвоє гне."
039,"Щоб панам так легко вмирати, як мужикові орати!"
039,Бідний з праці рветься багатому черево дметься.
039,"У багатого живіт росте, а у бідного - горб від роботи."
039,"Пану і в будень свято, а в мужика і будень однято."
039,"Пан не жне, не косить, а жупан носить."
039,"Мужик землю засіває, а пан хліб поїдає."
040,"Багачеві прибиль, а біднякові загибель."
040,"Багатому дбає, а в себе й сорочки не має."
040,"Багатому пшениця, а вбогому полова."
040,"Пшениця то хлопська мука, мельницька біда, а панська їжда."
040,Багатий бідного ніколи не розуміє.
040,Ситий голодного не розуміє.
040,Ситий голодному не товариш.
040,"Поки багатий стухне, то убогий опухне."
040,"Одному аж горлом вертає, а другий з голоду здихає."
040,"Багач шукає апетиту, а бідний хліба."
040,"Багач так має, аж йому горлом пхає, а бідняк лиш слинку ковтає."
040,Багач би око вийняв за кавалок хліба.
040,"Бідний мужик і хліба не їсть, а багатий мужика з'їсть."
041,"А з чого збив маєтки, як не з чужої кривди?"
041,Через золото сльози льються.
041,Панські шати наші лати.
041,"Як бідний плаче, то ніхто не бачить, а як багатий скривиться, то всяк дивиться."
041,"Пан все баче, не баче, як бідняк плаче."
041,"Пан скаче, а хлоп плаче."
041,"Багатому чорт діти колише, а вбогий і няньки не найде."
041,"У багатого й теля з телям, а в убогого одна корова, та й та ялівка."
041,"Багачеві вітер гроші несе, а бідному половою очі засипає."
041,"Багатому й під гору вода тече, а бідному і в долині треба криницю копати."
041,"Качиного зоба не накормишці, а панської кишені не наповниш."
041,"Гроші йдуть до багатого, а злидні до бідного."
042,"Тоді пани добрі, як сплять."
042,Царський маніфест спиною читають.
042,"Пан би землею удавився, аби лише хлоп її не мав."
042,"Хто багатий, той не любить дати."
042,"Панського роду, а псячого ходу."
042,Не нашого поля ягода.
042,Панська свора вовча потвора.
042,"Про вовка помовка, а чорт пана несе."
042,"Більше панів, ніж курей."
042,"Нема добра в нашім селі, бо панів багато."
042,"Багатому щастя, а вбогому трясця."
042,З насилу пани розживаються.
042,Велика риба маленьку цілою ковтає.
042,"Де один панує, там сотня бідує."
043,"Тіло в злоті, а душа в мерзоті."
043,"Як багатий, так і клятий."
043,"Тому багатий, бо свинуватий."
043,"Якби не був свинуватий, то не був би і багатий."
043,"Легше з ведмедем борюкатися, ніж з паном рахуватися."
043,Панам лихо розкидати не плугом орати.
043,"До вбогого йди сорочки позичати, а до багатого ніколи!"
043,"З хлопами мирно живемо, лани хлопами оремо."
043,Добрий був пан бог його взяв та чорту подарував.
043,"Пан добрий, як отець: взяв корову і овець, а пані як мати: наказала теля взяти."
043,Добрий пан: взяв у дітей хліб та й кинув псам.
043,Добра пані за рабами.
044,У сильного завжди безсильний винен.
044,"Багатому й гріхи прощають, а вбогого і так карають."
044,Панська ласка на бистрім коні їздить.
044,У пана ласка до порога.
044,Панська ласка що вовча дружба.
044,"Круки на стерво летять, а пани на людську біду."
044,Бодай ніхто не діждав з багатими знаться!
044,Лиха зазнали від панів та й від підпанків.
044,"Панська рука далеко сягає, навіть там, де її не видно."
044,"Лучче ціпом бухать, як панів слухать."
044,"Не вір багатому ніколи, бо за його порадою лишишся голий."
044,Пани мужикові чужі люди.
044,"Де є такий багач, щоб не хотів більше, як має?"
045,"Піди до Кракова всюди біда однакова, піди й за Карпати то треба бідувати."
045,Дались мені у знаки оті панські кулаки.
045,"Що вільно панові, то не вільно Іванові."
045,"Годи панові рік, а день не вгодиш пропав навік."
045,"Тільки й ходу, що з мосту та в воду."
045,"Багатому життя, а бідному виття."
045,"Чий кінь, того й віз."
045,"Чия гребля, того й став."
045,"Чий берег, того й риба."
045,"На чиєму току молотять, тому й хліб возять."
045,"В панські ворота широко увійти, а вузько вийти."
045,"Широкі панські степи, а людям на них тісно."
045,"Не порівняєш гір з долиною, а багатого з убогим."
046,"Багач гроші збирає, а чорт калитку шиє."
046,"За руб свічку бере, а з бідного останню шкуру дере."
046,"Зарився в добрі, як свиня в багні."
046,У селі пан як у городі бур'ян.
046,"Коли б пан за плуга взявся, то й світу б відцурався."
046,"Чують, як пісні співаємо, а не чують, як вовками виємо."
046,"Попався, жучку, панові в ручку."
046,За наше жито та ще нас і бито.
046,"Пан з паном погодиться, а Іван в спину дістане."
046,"Пани б'ються, а в мужиків чуби тріщать."
046,"Ворон ворона не клює, пан у пана шкуру не здере."
046,Від Львова до Кракова скрізь біда однакова.
046,"Пани однакові, що в нас, що в Кракові."
047,"Я тобі, паничу, штани підтичу!"
047,Пана в ребро а людям добро.
047,"Раз питався пан Івана, чи він любить свого пана. А Іван відповідає: «Люблю, пане, навіть дуже; щоб вас усі так любили, то ви б давно в землі гнили»."
047,"Хвали сіно в стогу, а пана в гробу."
047,Чого пан гладок? Поїв та й набок.
047,Панських груш не руш: як погниють самі віддадуть.
047,"Дав пан Омелькові пояс, як той без штанів оставсь."
047,"Казав пан: «Кожух дам», та слово його тепле."
047,Скільки панові не годи рябу корову не подарує.
047,"Дай панові покуштувати, то він і гамкне."
047,Від багача не жди калача.
047,За багачем сам чорт з калачем:
048,"Заправив, як за рідного батька."
048,Без бариша голодна душа.
048,"Крамар як комар: де сяде, там і п'є."
048,"Три пани, два отамани, а один підданий."
048,Казенна палата від селян багата.
048,Аж гарчить так на меншого кричить.
048,Панська собака по-панськи гавкає.
048,"Доти чоловік добрий, доки його десятником не наставлять."
048,"Один дідько, що осадник, що наш війтко."
048,І малі камінці роблять синці.
048,"Що малий пан вліпить, то й великий не відійме."
048,"Рад бідняк пану, як сирота трясці."
049,Пан собакою був собача й йому й смерть.
049,"Ліпше бути чоловіком, чим багачем."
049,Заліз в багатство забув і братство.
049,"Забагатів Кіндрат забув, де його і брат."
049,Мужик багатий як віл рогатий.
049,"Сякий-такий торгаш, та все їст калач, а хлібороб хліб робить і хліба вволю не їст."
049,"Купець бере торгом, піп горлом, а мужик горбом."
049,"Не похвалиш не продаси, не погудиш не купиш."
049,"Крамареві не божиться, то ніколи не розжиться."
049,"Купля руки пече, а продаж гріє."
049,Що ступить - то лупить.
050,"Не йди в суд з одним носом, а йди з підносом."
050,"В суд ногою, а в гаманець рукою."
050,В суд ногою - в кишеню рукою.
050,"Як ідеш у суд, гроші не забудь."
050,"Не ходи до суду, бо хліба не буде."
050,Попадеш в суд - і будеш худ.
050,В суд підеш правди не знайдеш.
050,В суді правди не шукають.
050,"Де суд, там і неправда."
050,"Архієрей не бог, а прокурор не правда."
050,У панів багато куплених брехунів.
050,"Закон у пана, як дишло, куди направить, туди й вийшло."
051,Золотий ключик до всіх замків придасться.
051,Золотий обушок скрізь двері відчиняє.
051,Золота швайка мур пробиває.
051,"Пише, дере і гроші бере."
051,"Були б гроші, а порада буде."
051,"Хто маже, той і їде."
051,Воза і адвоката треба часто мастити.
051,"Хто мастить, тому віз не скрипить."
051,Суха ложка рот дере.
051,Сухий шматок горло дере.
051,"Де не мажуть, там рипить."
051,До права треба мати два мішки грошей.
051,"Коли карман пустий, то й суддя глухий."
051,"Як в кишені сухо, то і в суді глухо."
052,"Був колись чолов'яга, а тепер сутяга."
052,Суддя в суді - що риба в воді.
052,"Правда твоя, мужичок, але полізай у мішок."
052,"Не все так робиться, як у параграфі написано."
052,Набий віз людей та дай суду віз грошей - невинен будеш.
052,"Коли в кишені вітер віє, то не лізь у суд, Мусіє."
052,"Не судись, бо постіл дорожче обійдеться за чобіт."
052,"У кого карман повніший, для того й суд правіший."
052,"Гроші сила: одних підкуплять, других напоять, а третім лиха накоять."
052,"Де гроші судять, там право в кут."
052,"Де гроші говорять, там правда мовчить."
052,"Золото, срібло губу затикає."
053,"Бідному з багатим судиться, то краще в морі втопиться."
053,Голий голого не позива.
053,Тільки адвокат і маляр можуть зробити з чорного біле.
053,"Писар пише, писар маже, так запише, як хто каже."
053,"Рука руку миє, щоб білі були."
053,Своя рука владика.
053,"Дери з багачів, бо бідний і так обдертий, як липка."
053,"Так не візьме, як становой карбованця."
053,Ласий хапунець на чужий гаманець.
053,"Здеруть, як з сидорової кози!"
053,"Хапун такий, що й з рідного батька злупить."
053,"Судяче брюхо: і мовчить, а все просить."
053,"Посадили суддею, а він - свиня свинею."
054,Коза з вовком судилася та й ратичок лишилася.
054,Коза з вовком тягалася тільки шкура залишилася.
054,Як почалася тяганина - не раз упріла в мене чуприна.
054,"Дмитре, чому тебе в суд визивають? Бо пан об мене руку побив."
054,"Синиця шкоду робить, а журавель попадається."
054,"Хто зробив, а на йому окошилось."
054,Іноді б'ють Хому за Яремину вину.
054,"Писар провинився, а шевця повісили."
054,"Пан нашкодив, а старця повісили."
054,"Багатому йти в суд трин-трава, а бідному - з пліч голова."
054,Сильні та багаті рідко винуваті.
054,Трудно позиватись з латаною свитиною з добрим кожухом.
055,"Коли б не піп та не пан, то не був би й мужик голоштан."
055,"І попи, і пани одного поля бур'яни."
055,Поміщик та піп - одного гніздечка птиці.
055,Піп і пан - то одно.
055,За кого пан - за того й бог.
055,"Як не здохнеш в війта в ямі, так загинеш в криміналі."
055,"Що пан затягне пером, то хлоп не витягне волом."
055,"В землі черви, в воді чорти, в лісі сучки, в суді крючки - куди втекти?"
055,"Хто має викрути, не піде в некрути."
055,"Велика муха прорветься з павутиння, а маленька ніколи."
056,Всі попи одним миром мазані.
056,"Попам хоч давай, хоч робине віддаси, не відробиш і жодним способом не вгодищ."
056,"Один чорт піп, що стрижений, що кудлатий - усі люблять брати."
056,"Буде гарно на світі, як попові всипать, а пана засипать."
056,До Бога ся молить та й хлопа неволить.
056,До церкви дзвонять і на панщину гонять.
056,"У бога повір, то пан сам знайдеться."
056,"Піп і торговець, як пара овець."
056,"Де піп церкву ставить, там пан корчму."
056,"У попа душа божа, а тіло панське."
056,"Попівські очі, а панська кишеня."
056,"Молитва мужикові голитва: бога не вмолить, а мужика оголить."
057,"І злодій просить бога, щоб украсти."
057,"Боже святий, пропав мій золотий: дав за службу божу, як в болото вкинув."
057,"Чи піп, чи ксьондз, чи яка нечиста сила - та все з хлопа тягне."
057,"Попівське око, ксьондзівське горло - що бачило, то б і жерло."
057,"Ой боже, боже, бодай ти не дочекав богувати!"
057,"Один дзвін, що кайданний, що церковний."
057,"У попа борода, як у святого, а сумління, як у поліцейського."
057,Щоб не сповідався в острог не попався б.
057,"Піп грішників сповідає, а поліція все знає."
057,Піп гріхи взнавав та в поліцію передазав.
057,"Піп відсвячував хату й двір, де читали Шевченків твір."
057,"Віри різні, та попи однакові."
058,"Старий піп молитву читає, старій бабі баки забиває."
058,"А воно у євангелії більше брехні, піж у небі зірок."
058,Піп євангелію читає читає та на тарілку поглядає.
058,Піп сповідає: «Чи клала?» питає.
058,"Святий боже, святий крепкий, піп в чужих карманах цепкий."
058,Піп молитву читає і в карман поглядає.
058,"Читає: «Да буде воля твоя», а дума: «Коли б моя»."
058,"У церкві піп прикидається людям братом, а поза церквою стає людям катом."
058,"Слова попа - як у брата, діла ж його - як у ката."
058,"Попи м'яко стелють, та твердо спать."
058,"Піп людей картає, а сам лихо робить."
058,"Піп людей карає, а сам казна-що виробляє."
059,"Фальшивий, як святого Юри кінь."
059,"Такий побожний, як у святого Юри кінь."
059,"Ну, а мені поки ще до неба, а на землі попоїсти треба."
059,"Дай боже, що нам треба, а посмерті «гоп» до неба!"
059,"Чув єм, що в небі пси брехали."
059,"«Що бог у небі робить?» «Драбину: одних підсаджує вгору, а других у долину»."
059,"Що піп, що чорт - один сорт."
059,"Бог мені надопомагав, як сліпому окуляри."
059,"Бог лякає мужика громом, чорт рогом, а піп знов богом і так без кінця."
059,"Святий та божий, на чорта похожий."
059,"Піп з богом говорить, а на чорта дивиться."
059,"Що волиш, бабонько, чи ласку божу, чи миску гожу?"
060,"Піп у дзвін, а чорт у калатало."
060,"Піп гроші збирає, а чорт калитку шиє."
060,"В кого гроші, тому й боги хороші."
060,"В кого гроші, за того й бог."
060,"Богові потрібна не душа, а гроші."
060,"Святий кріпкий, святий боже! Як заплатиш, то поможе."
060,"Убрався піп у ризи, а чорт у рядно, та й тягнуть в одно."
060,Всюди коло церкви чорт каплицю ставить.
060,"Воля то божа, та я на це не згожа."
060,Свята Варвара по світу брикала.
060,Святий на святого кривиться.
060,"Побожний: свічки поїв, а очима світигь."
061,"Їде на попа і з живого, і з мертвого."
061,"Піп дерун: дере і з живого, із мертвого."
061,"Попові йде і печене, і варене, і з живого, із умерлого."
061,"Піп у церкві служить, бо за грішми тужить."
061,"Піп з церкви - з прибутком, а віруючі з убитком."
061,"Попи у церкві богами і чортами людей страхали, а собі кишені грішми набивали."
061,"Богу слава, а попу подавай сала!"
061,"Богові свічку, а чортові дві."
061,"Богові поклони, а попам мільйони."
061,Нехай дзвонить його ніхто на панщину не гонить.
061,"Куди піп з хрестом, туди чорт з копитом."
061,"Дяк у дзвін, а дідько в клепало."
062,"Благослови, владико, дерти з бідного лико!"
062,Мало людей мре - попа за серце бере.
062,"Попа журба брала, як мало людей вмирало."
062,"Родивсь подай, господи, женивсь подай, господи, помер теж подай, господи."
062,"Родись, хрестись, женись, помирай - і за все попові гроші дай."
062,"До церкви, як і до корчми, без грошей не йди."
062,"Піп чекає, аби хто вмер, то б і шкуру здер."
062,"Невдивовижу, що попи багаті, вони готові й кожух з людей зідрати."
062,"Піп дзвонить задля своєї користі: чує, де хаптури поїсти."
062,"«Всі люди братія, з усіх буду драти я», говорить піп."
062,"Бог дає на всякого долю - як застане, то зніме штани і льолю."
063,"Попу оддай діжу з тістом, то він тісто вибере і очі тобі видере."
063,Піп з дяком обидва вовчі горла.
063,У попа рука завжди чуже хапа.
063,"Вовче горло, а попівське око."
